x_feature,y_feature,slope,intercept,r_value,r_squared,p_value,std_err
flow_pkts_per_sec,payload_bytes_per_second,59.53951832992957,-836665.1888173372,0.9842894148173775,0.9688256521215355,0.0,0.030438672382195067
